{"train_loss": 0.002401516539976001, "train_acc": 1.0, "epoch": 24, "trainer/global_step": 9999, "_timestamp": 1673198695.84506, "_runtime": 69.50199508666992, "_step": 199, "_wandb": {"runtime": 69}}