{"train_loss": 0.0022354936227202415, "train_acc": 1.0, "epoch": 24, "trainer/global_step": 1999, "_timestamp": 1673197895.3736362, "_runtime": 16.557912349700928, "_step": 39, "_wandb": {"runtime": 16}}